{
    "nodes": [
        {
            "id": "user_connectome_1",
            "label": "connectome",
            "type": "user",
            "url": "http://armando.local/connectome/author/connectome/",
            "excerpt": "I'm the root user, the admin that rules over all of you :)",
            "image": "",
            "degree": 13
        },
        {
            "id": "user_connectome_3",
            "label": "Curtis",
            "type": "user",
            "url": "http://armando.local/connectome/author/faye-west/",
            "excerpt": "Porro eos animi accusamus qui quia ut. Provident labore nihil aut consectetur. Sit quia voluptatibus laudantium. Architecto doloremque et dolorem esse eos aut ipsam. Laudantium repellendus nisi sit deserunt corrupti. Aut quo quisquam qui qui. Qui optio expedita consequatur dolore.",
            "image": "",
            "degree": 3
        },
        {
            "id": "user_connectome_8",
            "label": "Kacie",
            "type": "user",
            "url": "http://armando.local/connectome/author/jaiden-strosin/",
            "excerpt": "Occaecati rerum autem sunt pariatur deleniti omnis velit. Et omnis optio odio omnis officiis voluptas sit. Magni aut voluptatem dolorem corporis nobis consectetur. Omnis necessitatibus autem quis sint nemo quisquam labore. Animi natus id qui expedita ducimus quis aut. Molestias natus tenetur facilis qui. Non delectus expedita possimus eum incidunt voluptas dolorem consequatur. Doloremque dolorum&hellip;",
            "image": "",
            "degree": 3
        },
        {
            "id": "user_connectome_10",
            "label": "Jaden",
            "type": "user",
            "url": "http://armando.local/connectome/author/ratke-vincenza/",
            "excerpt": "Sed non dolorum qui eligendi temporibus sed. A ut ea tempora vel. Est dolorem earum sit odit autem. Nesciunt voluptatem dolor dolorum aut ut est. Totam voluptatum reiciendis ut. Beatae autem est repellat dolorum. Nisi repellendus architecto quia totam praesentium. Explicabo perferendis qui qui recusandae aut. Et quasi illum quos aut ut voluptatibus. Illo dolores&hellip;",
            "image": "",
            "degree": 2
        },
        {
            "id": "user_connectome_11",
            "label": "Arvilla",
            "type": "user",
            "url": "http://armando.local/connectome/author/skeebler/",
            "excerpt": "Officiis maxime magni officiis quaerat vel sed unde. Saepe cum enim quidem. Iste quia voluptas quasi facilis magnam nihil quae. Est tenetur at eligendi iste enim laborum. Animi dicta distinctio ut doloribus. Tempore qui dolorum quis quod. Qui quia perspiciatis aut sit aut. Illo beatae et et qui. Occaecati veniam officiis explicabo fugit qui sit&hellip;",
            "image": "",
            "degree": 2
        },
        {
            "id": "user_connectome_5",
            "label": "Mckenna",
            "type": "user",
            "url": "http://armando.local/connectome/author/cremin-claudine/",
            "excerpt": "Libero voluptas nisi laboriosam et odit enim. Et adipisci dignissimos et esse qui sed totam labore. Facilis et temporibus dolores et tempore. Aliquid et alias amet et corporis voluptates et.",
            "image": "",
            "degree": 0
        },
        {
            "id": "user_connectome_7",
            "label": "Anna",
            "type": "user",
            "url": "http://armando.local/connectome/author/altenwerth-remington/",
            "excerpt": "Et ratione nulla ea itaque incidunt laborum id. Dolores temporibus est ut. Aliquam iste consequatur culpa aspernatur. Quasi laboriosam quidem quo aliquam minus. Quia ut sapiente totam commodi non explicabo. Quos nulla sed ad dicta placeat. Ipsa dolorum cum sit doloribus ab.",
            "image": "",
            "degree": 0
        },
        {
            "id": "user_connectome_4",
            "label": "Sonny",
            "type": "user",
            "url": "http://armando.local/connectome/author/zella88/",
            "excerpt": "Odio quidem cupiditate atque unde nisi similique et. Similique animi aliquam officia asperiores deleniti fuga iusto. Cumque eos laboriosam est occaecati qui sint sit. Saepe pariatur eos qui et.",
            "image": "",
            "degree": 0
        },
        {
            "id": "user_connectome_6",
            "label": "Winfield",
            "type": "user",
            "url": "http://armando.local/connectome/author/awelch/",
            "excerpt": "Cupiditate labore aliquam ut qui quaerat culpa enim. Eligendi nostrum autem dolorum sit dolorem. Aut cum ipsam consequatur cumque est omnis voluptate. Aut aspernatur quo ex laborum similique perferendis. Eum qui nisi deleniti distinctio. Tempora sapiente molestiae nostrum itaque temporibus voluptas. A numquam nihil temporibus porro ex blanditiis quia et. Sunt quibusdam officia sit quo&hellip;",
            "image": "",
            "degree": 0
        },
        {
            "id": "user_connectome_9",
            "label": "Graciela",
            "type": "user",
            "url": "http://armando.local/connectome/author/oroob/",
            "excerpt": "Harum aliquid et non est. Aut sit reiciendis labore molestiae. Autem nihil culpa et et modi.",
            "image": "",
            "degree": 0
        },
        {
            "id": "user_connectome_2",
            "label": "Maci",
            "type": "user",
            "url": "http://armando.local/connectome/author/trever-tremblay/",
            "excerpt": "Sit facilis voluptas recusandae aut sed. Consectetur earum ipsam voluptate. Perspiciatis placeat incidunt consectetur repellat amet. Voluptatem doloribus et eos odio eos minus repellendus ea. Sed ipsam illo eos. Ut harum ad quam quo. Facilis dolores voluptate qui cum quod. Blanditiis deserunt eveniet voluptatem tempora sed necessitatibus. Molestiae perferendis velit quas sit velit dolore dolores.&hellip;",
            "image": "",
            "degree": 0
        },
        {
            "id": "term_connectome_1",
            "label": "Uncategorized",
            "type": "term",
            "url": "http://armando.local/connectome/category/uncategorized/",
            "excerpt": "The Uncategorized category is the bucket to put anything that doesn&#8217;t have another category.",
            "image": "",
            "degree": 18
        },
        {
            "id": "term_connectome_4",
            "label": "Atque debitis non consequuntur voluptatem id",
            "type": "term",
            "url": "http://armando.local/connectome/category/atque-debitis-non-consequuntur-voluptatem-id/",
            "excerpt": "Esse doloremque quam ut nihil quis minus voluptate voluptatem soluta",
            "image": "",
            "degree": 9
        },
        {
            "id": "term_connectome_2",
            "label": "Voluptatem totam alias eum odio qui voluptate",
            "type": "term",
            "url": "http://armando.local/connectome/tag/voluptatem-totam-alias-eum-odio-qui-voluptate/",
            "excerpt": "Odit iusto necessitatibus dicta perspiciatis quo labore rerum magnam enim minus aperiam sint temporibus delectus fuga ad ut quos culpa maiores id aut rerum et et totam aut nihil consequatur exercitationem in dolores quaerat quia cum voluptatem eius adipisci ipsum dolorum ut consequatur cumque qui quisquam fuga neque cumque autem",
            "image": "",
            "degree": 8
        },
        {
            "id": "term_connectome_3",
            "label": "Quibusdam et sunt recusandae accusamus eum possimus ipsa laudantium assumenda ducimus",
            "type": "term",
            "url": "http://armando.local/connectome/category/quibusdam-et-sunt-recusandae-accusamus-eum-possimus-ipsa-laudantium-assumenda-ducimus/",
            "excerpt": "Totam sit omnis assumenda perferendis ipsum velit qui aliquam tenetur commodi dolore quos molestiae harum repellat praesentium aut ut optio omnis qui corrupti rem omnis voluptatem eligendi et error dignissimos ut beatae",
            "image": "",
            "degree": 6
        },
        {
            "id": "term_connectome_5",
            "label": "Tag_Example",
            "type": "term",
            "url": "http://armando.local/connectome/tag/tag-example/",
            "excerpt": "Tag example",
            "image": "",
            "degree": 1
        },
        {
            "id": "post_connectome_29",
            "label": "Culpa dignissimos id est ipsa",
            "type": "post",
            "url": "http://armando.local/connectome/2019/03/26/culpa-dignissimos-id-est-ipsa/",
            "excerpt": "Qui quia dignissimos Cum molestias repellat fuga ex eius ea Mollitia reprehenderit reiciendis est. Dolorem maiores nobis. Suscipit molestiae eum qui enim quia expedita. Velit voluptate dolorem nulla. autem aut odio iste voluptate. Cupiditate ipsum nisi aliquid commodi. Ducimus dolor non nihil voluptate aperiam. Odio eos minima doloribus aut necessitatibus Fugiat dolorem totam repellendus ad&hellip;",
            "image": false,
            "degree": 5
        },
        {
            "id": "post_connectome_21",
            "label": "Dicta dignissimos velit placeat",
            "type": "post",
            "url": "http://armando.local/connectome/2019/03/26/dicta-dignissimos-velit-placeat/",
            "excerpt": "Ut ut sed rem sunt reiciendis quo id eum ab alias hic id vitae possimus voluptates quibusdam id aut quas fugiat nihil et animi ea sed et earum molestias assumenda quidem doloremque explicabo voluptates nisi soluta repudiandae qui repudiandae voluptates quibusdam odio ut eaque.",
            "image": false,
            "degree": 5
        },
        {
            "id": "post_connectome_30",
            "label": "Et ullam quo quisquam nihil debitis dolor",
            "type": "post",
            "url": "http://armando.local/connectome/2019/03/26/et-ullam-quo-quisquam-nihil-debitis-dolor/",
            "excerpt": "Repudiandae ad ab ipsa aut minima quia Iure harum Voluptatem sit quos perspiciatis Deleniti vel optio voluptatibus esse. Dolorem asperiores maxime excepturi. Rerum minus omnis quisquam est. Ex delectus qui et recusandae. Aut minima omnis repellat Totam asperiores ut est dolorem aut aut ut Voluptas nulla fugiat quis asperiores quod quaerat",
            "image": false,
            "degree": 5
        },
        {
            "id": "post_connectome_28",
            "label": "Quo assumenda vel reprehenderit alias",
            "type": "post",
            "url": "http://armando.local/connectome/2019/03/26/quo-assumenda-vel-reprehenderit-alias/",
            "excerpt": "Ex non perferendis et consequatur id accusamus sint voluptas nisi necessitatibus et id explicabo unde blanditiis eaque at repudiandae vel beatae et qui alias porro ut. Amet cumque doloribus delectus ab veniam aut consequuntur harum officiis perspiciatis corrupti odio quis repellat ab eum dicta fuga possimus eos repudiandae ut ut consequatur dolorem illo quod aliquam&hellip;",
            "image": false,
            "degree": 5
        },
        {
            "id": "post_connectome_26",
            "label": "Saepe odit ut eos velit praesentium laudantium",
            "type": "post",
            "url": "http://armando.local/connectome/2019/03/26/saepe-odit-ut-eos-velit-praesentium-laudantium/",
            "excerpt": "Quis quisquam tenetur sit omnis corporis repellat repudiandae aperiam facilis et odit aut ut cumque provident dolorum explicabo est libero nemo deserunt eaque qui nemo vitae minima soluta voluptas est tempore assumenda tempora repellendus unde et non ut voluptatibus provident.",
            "image": false,
            "degree": 5
        },
        {
            "id": "post_connectome_25",
            "label": "Magni itaque consectetur provident ad",
            "type": "post",
            "url": "http://armando.local/connectome/2019/03/26/magni-itaque-consectetur-provident-ad/",
            "excerpt": "Animi tempore eum nisi qui odio provident aliquam rerum eos rerum temporibus maxime nisi ea nesciunt est corrupti cumque vel veritatis corporis aut natus dolores vitae neque labore at consequatur voluptates assumenda id laboriosam ut enim occaecati nobis est neque id consectetur.",
            "image": false,
            "degree": 4
        },
        {
            "id": "post_connectome_27",
            "label": "Pariatur officia temporibus tempore et dolores totam",
            "type": "post",
            "url": "http://armando.local/connectome/2019/03/26/pariatur-officia-temporibus-tempore-et-dolores-totam/",
            "excerpt": "Libero qui ex facere et sed iusto quidem autem perspiciatis voluptatum blanditiis aperiam consequatur repellat dolorum omnis aut quia officiis iure quia eos tenetur asperiores omnis expedita nam porro ad soluta consectetur rem iste quis est ut necessitatibus officia sint in occaecati eius labore veritatis temporibus est aperiam et sit corrupti quia id.",
            "image": false,
            "degree": 4
        },
        {
            "id": "post_connectome_23",
            "label": "Qui impedit maiores quibusdam quaerat",
            "type": "post",
            "url": "http://armando.local/connectome/2019/03/26/qui-impedit-maiores-quibusdam-quaerat/",
            "excerpt": "Quia maiores odit hic consequatur tempora illum totam molestias dolorem dolor aliquid illum maiores explicabo et et quidem ipsa culpa architecto neque occaecati veniam esse doloremque nam id quia et suscipit corporis laboriosam beatae voluptas expedita dolores qui accusantium dolorem sint eligendi aut dolores aut consequatur aliquam qui dolor qui saepe mollitia perferendis voluptatem enim&hellip;",
            "image": false,
            "degree": 3
        },
        {
            "id": "post_connectome_1",
            "label": "Hello world!",
            "type": "post",
            "url": "http://armando.local/connectome/2019/03/27/hello-world/",
            "excerpt": "Welcome to WordPress. This is your first post. Edit or delete it, then start writing!",
            "image": "http://armando.local/connectome/wp-content/uploads/2019/03/Selection_001.png",
            "degree": 3
        },
        {
            "id": "post_connectome_24",
            "label": "Accusamus sit qui aut",
            "type": "post",
            "url": "http://armando.local/connectome/2019/03/26/accusamus-sit-qui-aut/",
            "excerpt": "Itaque at ullam similique Omnis Voluptas sit Suscipit architecto Amet labore nostrum Delectus praesentium fuga et et ratione iste rem Perspiciatis ipsa saepe sit Aut iusto quos et et nisi. Quis voluptas porro asperiores rerum. Temporibus odit in et aut incidunt Deleniti et voluptatem nobis dolore est a. Quia consequatur accusantium maxime. Quia iusto sit&hellip;",
            "image": false,
            "degree": 3
        },
        {
            "id": "post_connectome_13",
            "label": "Mollitia quia et accusamus et cupiditate placeat",
            "type": "post",
            "url": "http://armando.local/connectome/2019/03/26/mollitia-quia-et-accusamus-et-cupiditate-placeat/",
            "excerpt": "Optio eum qui non aspernatur qui Modi temporibus quasi Autem exercitationem consequatur quia explicabo laudantium maxime Molestiae et quam ullam inventore sint dignissimos. atque corporis sit aut numquam unde. dolores vero nesciunt alias deleniti. Dignissimos voluptatum cumque dolorem quo. Ut magnam architecto harum ipsa unde Libero sit et odio quidem voluptatum. nostrum aut consequatur est&hellip;",
            "image": false,
            "degree": 2
        },
        {
            "id": "post_connectome_17",
            "label": "Ut dolor fuga sint velit est alias",
            "type": "post",
            "url": "http://armando.local/connectome/2019/03/26/ut-dolor-fuga-sint-velit-est-alias/",
            "excerpt": "Odio dolore id dolorem laborum ad asperiores maxime iste",
            "image": false,
            "degree": 2
        },
        {
            "id": "post_connectome_14",
            "label": "Ad corporis velit est",
            "type": "post",
            "url": "http://armando.local/connectome/2019/03/26/ad-corporis-velit-est/",
            "excerpt": "Voluptatem beatae voluptas consequatur accusantium optio Nisi molestias deserunt sint. Non animi deleniti laborum dolores maxime. odit pariatur doloribus delectus aut. Hic non quas beatae ipsam hic perspiciatis. quibusdam aut accusamus et. illo fugiat nemo quis aut omnis exercitationem. Voluptatem qui assumenda temporibus Minima molestiae est qui quia ut maiores et. Consequatur et et nisi.&hellip;",
            "image": false,
            "degree": 2
        },
        {
            "id": "post_connectome_15",
            "label": "Molestias quia eveniet expedita voluptate",
            "type": "post",
            "url": "http://armando.local/connectome/2019/03/26/molestias-quia-eveniet-expedita-voluptate/",
            "excerpt": "In et inventore ab a ut. Placeat nesciunt fugiat omnis numquam Sit rerum facere unde veniam cum. Nulla quaerat labore possimus et. Aut nihil hic corporis sed",
            "image": false,
            "degree": 2
        },
        {
            "id": "post_connectome_19",
            "label": "Ab id est asperiores",
            "type": "post",
            "url": "http://armando.local/connectome/2019/03/26/ab-id-est-asperiores/",
            "excerpt": "Sequi delectus officiis laudantium odio ut doloribus iste facere atque cumque excepturi libero ut explicabo quo et blanditiis harum quas. Et sit dolores enim earum est dolorem sunt praesentium quis alias facilis vel et est qui sit ut nesciunt sapiente commodi non ut est delectus et ab blanditiis dolores magni voluptatem fugit quisquam voluptas rerum&hellip;",
            "image": false,
            "degree": 2
        },
        {
            "id": "post_connectome_11",
            "label": "Impedit omnis enim voluptatum laboriosam",
            "type": "post",
            "url": "http://armando.local/connectome/2019/03/26/impedit-omnis-enim-voluptatum-laboriosam/",
            "excerpt": "Rerum odit molestias ipsam quis facere enim rerum culpa illum ut accusantium consectetur facere deleniti autem unde consequatur veritatis qui sit quasi ut ut eligendi.",
            "image": false,
            "degree": 2
        },
        {
            "id": "post_connectome_22",
            "label": "Deleniti quidem veniam qui in et quis",
            "type": "post",
            "url": "http://armando.local/connectome/2019/03/26/deleniti-quidem-veniam-qui-in-et-quis/",
            "excerpt": "Provident quos nihil occaecati sit animi nostrum non id cumque dolorum hic dolore quas repellat doloribus molestiae nobis nobis ipsam voluptate vero vitae asperiores et sunt totam dolores laudantium quia esse ad architecto debitis excepturi.",
            "image": false,
            "degree": 2
        },
        {
            "id": "post_connectome_12",
            "label": "Quae amet magnam dolores voluptates quia aut velit",
            "type": "post",
            "url": "http://armando.local/connectome/2019/03/26/quae-amet-magnam-dolores-voluptates-quia-aut-velit/",
            "excerpt": "Doloremque ipsum quos omnis fugit at architecto quos sunt modi molestiae nostrum dolorem enim qui magnam mollitia quis veritatis rerum laboriosam ut veniam inventore perferendis ut ut quo reiciendis officiis eum alias in natus distinctio dolores minima nobis at voluptatum voluptates nemo hic nobis sed sequi ut ut voluptas reiciendis veritatis ut sit aspernatur recusandae&hellip;",
            "image": false,
            "degree": 2
        },
        {
            "id": "post_connectome_20",
            "label": "Adipisci eligendi suscipit placeat at et alias",
            "type": "post",
            "url": "http://armando.local/connectome/2019/03/26/adipisci-eligendi-suscipit-placeat-at-et-alias/",
            "excerpt": "Occaecati consectetur Ratione et Reiciendis sint illum in eos quia est Ea et vel delectus eligendi velit. Aut omnis illo iusto ratione exercitationem. Tenetur aliquid odit quia blanditiis molestiae iusto earum ipsa. Vitae eaque hic ipsa quis iure non quas. Odio error mollitia voluptatem aut suscipit delectus dolor. Dolorum facilis quia id consequatur. Odio ipsam&hellip;",
            "image": false,
            "degree": 2
        },
        {
            "id": "post_connectome_16",
            "label": "Assumenda aut enim maxime ipsa",
            "type": "post",
            "url": "http://armando.local/connectome/2019/03/26/assumenda-aut-enim-maxime-ipsa/",
            "excerpt": "Quam dolor non velit vitae labore nobis qui repellat iusto dicta rerum qui dolor hic quibusdam esse.",
            "image": false,
            "degree": 2
        },
        {
            "id": "post_connectome_18",
            "label": "Incidunt tempora labore dolor eaque molestias in",
            "type": "post",
            "url": "http://armando.local/connectome/2019/03/26/incidunt-tempora-labore-dolor-eaque-molestias-in/",
            "excerpt": "Qui quia libero a architecto. Fuga ea sunt eum voluptatem. A velit optio consequatur non provident dolor Ad et rerum ipsum. Laboriosam dolorum magni voluptatem et laudantium. Laborum quis accusantium suscipit eos. Neque voluptatum explicabo laboriosam optio",
            "image": false,
            "degree": 1
        },
        {
            "id": "my_cpt_connectome_44",
            "label": "Gran KK",
            "type": "my_cpt",
            "url": "http://armando.local/connectome/my_cpt/gran-kk/",
            "excerpt": "",
            "image": "http://armando.local/connectome/wp-content/uploads/2019/03/Selection_001.png",
            "degree": 1
        },
        {
            "id": "my_cpt_connectome_45",
            "label": "Big KK",
            "type": "my_cpt",
            "url": "http://armando.local/connectome/my_cpt/big-kk/",
            "excerpt": "",
            "image": false,
            "degree": 1
        }
    ],
    "links": [
        {
            "source": "post_connectome_29",
            "target": "user_connectome_3",
            "value": 5
        },
        {
            "source": "post_connectome_21",
            "target": "user_connectome_3",
            "value": 5
        },
        {
            "source": "post_connectome_30",
            "target": "user_connectome_10",
            "value": 5
        },
        {
            "source": "post_connectome_28",
            "target": "user_connectome_11",
            "value": 5
        },
        {
            "source": "post_connectome_26",
            "target": "user_connectome_8",
            "value": 5
        },
        {
            "source": "post_connectome_25",
            "target": "user_connectome_10",
            "value": 5
        },
        {
            "source": "post_connectome_27",
            "target": "user_connectome_8",
            "value": 5
        },
        {
            "source": "post_connectome_23",
            "target": "user_connectome_11",
            "value": 5
        },
        {
            "source": "post_connectome_1",
            "target": "user_connectome_1",
            "value": 5
        },
        {
            "source": "post_connectome_24",
            "target": "user_connectome_3",
            "value": 5
        },
        {
            "source": "post_connectome_13",
            "target": "user_connectome_1",
            "value": 5
        },
        {
            "source": "post_connectome_17",
            "target": "user_connectome_1",
            "value": 5
        },
        {
            "source": "post_connectome_14",
            "target": "user_connectome_1",
            "value": 5
        },
        {
            "source": "post_connectome_15",
            "target": "user_connectome_1",
            "value": 5
        },
        {
            "source": "post_connectome_19",
            "target": "user_connectome_1",
            "value": 5
        },
        {
            "source": "post_connectome_11",
            "target": "user_connectome_1",
            "value": 5
        },
        {
            "source": "post_connectome_22",
            "target": "user_connectome_8",
            "value": 5
        },
        {
            "source": "post_connectome_12",
            "target": "user_connectome_1",
            "value": 5
        },
        {
            "source": "post_connectome_20",
            "target": "user_connectome_1",
            "value": 5
        },
        {
            "source": "post_connectome_16",
            "target": "user_connectome_1",
            "value": 5
        },
        {
            "source": "post_connectome_18",
            "target": "user_connectome_1",
            "value": 5
        },
        {
            "source": "my_cpt_connectome_44",
            "target": "user_connectome_1",
            "value": 5
        },
        {
            "source": "my_cpt_connectome_45",
            "target": "user_connectome_1",
            "value": 5
        },
        {
            "source": "post_connectome_29",
            "target": "term_connectome_4",
            "value": 5
        },
        {
            "source": "post_connectome_29",
            "target": "term_connectome_3",
            "value": 5
        },
        {
            "source": "post_connectome_29",
            "target": "term_connectome_1",
            "value": 5
        },
        {
            "source": "post_connectome_29",
            "target": "term_connectome_2",
            "value": 5
        },
        {
            "source": "post_connectome_21",
            "target": "term_connectome_4",
            "value": 5
        },
        {
            "source": "post_connectome_21",
            "target": "term_connectome_3",
            "value": 5
        },
        {
            "source": "post_connectome_21",
            "target": "term_connectome_1",
            "value": 5
        },
        {
            "source": "post_connectome_21",
            "target": "term_connectome_2",
            "value": 5
        },
        {
            "source": "post_connectome_30",
            "target": "term_connectome_4",
            "value": 5
        },
        {
            "source": "post_connectome_30",
            "target": "term_connectome_3",
            "value": 5
        },
        {
            "source": "post_connectome_30",
            "target": "term_connectome_1",
            "value": 5
        },
        {
            "source": "post_connectome_30",
            "target": "term_connectome_2",
            "value": 5
        },
        {
            "source": "post_connectome_28",
            "target": "term_connectome_4",
            "value": 5
        },
        {
            "source": "post_connectome_28",
            "target": "term_connectome_3",
            "value": 5
        },
        {
            "source": "post_connectome_28",
            "target": "term_connectome_1",
            "value": 5
        },
        {
            "source": "post_connectome_28",
            "target": "term_connectome_2",
            "value": 5
        },
        {
            "source": "post_connectome_26",
            "target": "term_connectome_4",
            "value": 5
        },
        {
            "source": "post_connectome_26",
            "target": "term_connectome_3",
            "value": 5
        },
        {
            "source": "post_connectome_26",
            "target": "term_connectome_1",
            "value": 5
        },
        {
            "source": "post_connectome_26",
            "target": "term_connectome_2",
            "value": 5
        },
        {
            "source": "post_connectome_25",
            "target": "term_connectome_4",
            "value": 5
        },
        {
            "source": "post_connectome_25",
            "target": "term_connectome_1",
            "value": 5
        },
        {
            "source": "post_connectome_25",
            "target": "term_connectome_2",
            "value": 5
        },
        {
            "source": "post_connectome_27",
            "target": "term_connectome_4",
            "value": 5
        },
        {
            "source": "post_connectome_27",
            "target": "term_connectome_3",
            "value": 5
        },
        {
            "source": "post_connectome_27",
            "target": "term_connectome_1",
            "value": 5
        },
        {
            "source": "post_connectome_23",
            "target": "term_connectome_4",
            "value": 5
        },
        {
            "source": "post_connectome_23",
            "target": "term_connectome_1",
            "value": 5
        },
        {
            "source": "post_connectome_1",
            "target": "term_connectome_5",
            "value": 5
        },
        {
            "source": "post_connectome_1",
            "target": "term_connectome_1",
            "value": 5
        },
        {
            "source": "post_connectome_24",
            "target": "term_connectome_4",
            "value": 5
        },
        {
            "source": "post_connectome_24",
            "target": "term_connectome_2",
            "value": 5
        },
        {
            "source": "post_connectome_13",
            "target": "term_connectome_1",
            "value": 5
        },
        {
            "source": "post_connectome_17",
            "target": "term_connectome_1",
            "value": 5
        },
        {
            "source": "post_connectome_14",
            "target": "term_connectome_1",
            "value": 5
        },
        {
            "source": "post_connectome_15",
            "target": "term_connectome_1",
            "value": 5
        },
        {
            "source": "post_connectome_19",
            "target": "term_connectome_1",
            "value": 5
        },
        {
            "source": "post_connectome_11",
            "target": "term_connectome_1",
            "value": 5
        },
        {
            "source": "post_connectome_22",
            "target": "term_connectome_2",
            "value": 5
        },
        {
            "source": "post_connectome_12",
            "target": "term_connectome_1",
            "value": 5
        },
        {
            "source": "post_connectome_20",
            "target": "term_connectome_1",
            "value": 5
        },
        {
            "source": "post_connectome_16",
            "target": "term_connectome_1",
            "value": 5
        }
    ]
}